modality,t1_loo_delta,t2_loo_delta,t1_baseline,t2_baseline
antibody,0.0032051282051283048,0.019115890083631903,0.8878205128205129,0.7347670250896057
cell,-0.0576923076923076,0.01314217443249699,0.8878205128205129,0.7347670250896057
cytokine,0.06784188034188032,0.020310633213858953,0.8878205128205129,0.7347670250896057
gene,0.010683760683760757,-0.004778972520908087,0.8878205128205129,0.7347670250896057
