modality,t1_koo,t2_koo
antibody,0.8792735042735043,0.7347670250896057
cell,0.7831196581196581,0.6642771804062126
cytokine,0.9353632478632479,0.6630824372759856
gene,0.8595085470085471,0.6236559139784946
