{
  "config": "Baseline",
  "n_perm": 1000,
  "observed_T1": 0.796875,
  "observed_T2": 0.7545454545454545,
  "null_T1_mean": 0.5085625,
  "null_T1_std": 0.09751022428208575,
  "null_T2_mean": 0.500801200686374,
  "null_T2_std": 0.1470921260014351,
  "p_value_T1": 0.001998001998001998,
  "p_value_T2": 0.04495504495504495,
  "runtime_min": 1947.3132468183835
}